start_ts,user,session_duration,logon_on_own_pc_normal,logon_on_other_pc_normal,logon_on_own_pc_off_hour,logon_on_other_pc_off_hour,logon_hour,day_of_a_week,device_connects_on_own_pc,device_connects_on_other_pc,device_connects_on_own_pc_off_hour,device_connects_on_other_pc_off_hour,documents_copy_own_pc,documents_copy_other_pc,exe_files_copy_own_pc,exe_files_copy_other_pc,documents_copy_own_pc_off_hour,documents_copy_other_pc_off_hour,exe_files_copy_own_pc_off_hour,exe_files_copy_other_pc_off_hour,neutral_sites,job_search,hacking_sites,neutral_sites_off_hour,job_search_off_hour,hacking_sites_off_hour,total_emails,int_to_int_mails,int_to_out_mails,out_to_int_mails,out_to_out_mails,internal_recipients,external_recipients,distinct_bcc,mails_with_attachments,after_hour_mails,role,business_unit,functional_unit,department,team,O,C,E,A,N,class,type
1262568240,MAR0955,33360,0,0,1,0,7,0,0,0,0,0,0,0,0,0,0,0,0,0,9,0,0,1,0,0,1,1,0,0,0,2,0,0,0,0,ProductionLineWorker,1,3,3,6,36,44,23,44,25,0,0
1262655060,MAR0955,32340,0,0,1,0,7,1,0,0,0,0,0,0,0,0,0,0,0,0,8,0,0,2,0,0,0,0,0,0,0,0,0,0,0,0,ProductionLineWorker,1,3,3,6,36,44,23,44,25,0,0
1262741520,MAR0955,32400,0,0,1,0,7,2,0,0,0,0,0,0,0,0,0,0,0,0,8,0,0,2,0,0,1,1,0,0,0,3,1,0,0,0,ProductionLineWorker,1,3,3,6,36,44,23,44,25,0,0
1262827920,MAR0955,32280,0,0,1,0,7,3,0,0,0,0,0,0,0,0,0,0,0,0,10,0,0,0,0,0,1,1,0,0,0,1,0,0,0,0,ProductionLineWorker,1,3,3,6,36,44,23,44,25,0,0
1262914320,MAR0955,33180,0,0,1,0,7,4,0,0,0,0,0,0,0,0,0,0,0,0,8,0,0,2,0,0,1,0,0,0,1,0,1,0,0,1,ProductionLineWorker,1,3,3,6,36,44,23,44,25,0,0
1263172860,MAR0955,33480,0,0,1,0,7,0,0,0,0,0,0,0,0,0,0,0,0,0,8,0,0,2,0,0,1,1,0,0,0,4,0,0,0,0,ProductionLineWorker,1,3,3,6,36,44,23,44,25,0,0
1263259140,MAR0955,33300,0,0,1,0,7,1,0,0,0,0,0,0,0,0,0,0,0,0,8,0,0,2,0,0,1,1,0,0,0,2,0,0,0,0,ProductionLineWorker,1,3,3,6,36,44,23,44,25,0,0
1263346260,MAR0955,32220,0,0,1,0,7,2,0,0,0,0,0,0,0,0,0,0,0,0,9,0,0,1,0,0,1,1,0,0,0,1,0,0,0,0,ProductionLineWorker,1,3,3,6,36,44,23,44,25,0,0
1263431880,MAR0955,33840,0,0,1,0,7,3,0,0,0,0,0,0,0,0,0,0,0,0,9,0,0,1,0,0,1,1,0,0,0,3,0,0,0,0,ProductionLineWorker,1,3,3,6,36,44,23,44,25,0,0
1263519000,MAR0955,32280,0,0,1,0,7,4,0,0,0,0,0,0,0,0,0,0,0,0,7,0,0,3,0,0,1,1,0,0,0,1,0,0,0,1,ProductionLineWorker,1,3,3,6,36,44,23,44,25,0,0
1263778260,MAR0955,32460,0,0,1,0,7,0,0,0,0,0,0,0,0,0,0,0,0,0,8,0,0,2,0,0,1,1,0,0,0,3,0,0,0,0,ProductionLineWorker,1,3,3,6,36,44,23,44,25,0,0
1263864420,MAR0955,32880,0,0,1,0,7,1,0,0,0,0,0,0,0,0,0,0,0,0,9,0,0,1,0,0,1,1,0,0,0,3,0,0,0,0,ProductionLineWorker,1,3,3,6,36,44,23,44,25,0,0
1263951060,MAR0955,32880,0,0,1,0,7,2,0,0,0,0,0,0,0,0,0,0,0,0,9,0,0,1,0,0,1,1,0,0,0,1,0,0,0,0,ProductionLineWorker,1,3,3,6,36,44,23,44,25,0,0
1264037400,MAR0955,32280,0,0,1,0,7,3,0,0,0,0,0,0,0,0,0,0,0,0,9,0,0,1,0,0,1,1,0,0,0,1,0,0,0,0,ProductionLineWorker,1,3,3,6,36,44,23,44,25,0,0
1264123500,MAR0955,32760,0,0,1,0,7,4,0,0,0,0,0,0,0,0,0,0,0,0,9,0,0,1,0,0,1,0,0,0,1,0,3,0,0,0,ProductionLineWorker,1,3,3,6,36,44,23,44,25,0,0
1264382520,MAR0955,33480,0,0,1,0,7,0,0,0,0,0,0,0,0,0,0,0,0,0,7,0,0,3,0,0,0,0,0,0,0,0,0,0,0,0,ProductionLineWorker,1,3,3,6,36,44,23,44,25,0,0
1264469460,MAR0955,32220,0,0,1,0,7,1,0,0,0,0,0,0,0,0,0,0,0,0,10,0,0,0,0,0,1,1,1,0,0,2,1,0,0,0,ProductionLineWorker,1,3,3,6,36,44,23,44,25,0,0
1264555440,MAR0955,33360,0,0,1,0,7,2,0,0,0,0,0,0,0,0,0,0,0,0,10,0,0,0,0,0,1,1,0,0,0,2,0,0,0,0,ProductionLineWorker,1,3,3,6,36,44,23,44,25,0,0
1264642260,MAR0955,32280,0,0,1,0,7,3,0,0,0,0,0,0,0,0,0,0,0,0,8,0,0,2,0,0,1,1,0,0,0,3,0,0,0,0,ProductionLineWorker,1,3,3,6,36,44,23,44,25,0,0
1264728600,MAR0955,32340,0,0,1,0,7,4,0,0,0,0,0,0,0,0,0,0,0,0,10,0,0,0,0,0,1,1,0,0,0,1,0,0,0,0,ProductionLineWorker,1,3,3,6,36,44,23,44,25,0,0
1264987920,MAR0955,32160,0,0,1,0,7,0,0,0,0,0,0,0,0,0,0,0,0,0,9,0,0,1,0,0,1,1,0,0,0,1,0,0,0,0,ProductionLineWorker,1,3,3,6,36,44,23,44,25,0,0
1265074200,MAR0955,32340,0,0,1,0,7,1,0,0,0,0,0,0,0,0,0,0,0,0,10,0,0,0,0,0,1,1,0,0,0,1,0,0,0,0,ProductionLineWorker,1,3,3,6,36,44,23,44,25,0,0
1265160600,MAR0955,32280,0,0,1,0,7,2,0,0,0,0,0,0,0,0,0,0,0,0,10,0,0,0,0,0,1,1,0,0,0,1,0,0,0,0,ProductionLineWorker,1,3,3,6,36,44,23,44,25,0,0
1265247120,MAR0955,32220,0,0,1,0,7,3,0,0,0,0,0,0,0,0,0,0,0,0,10,0,0,0,0,0,1,0,0,0,1,0,1,0,0,0,ProductionLineWorker,1,3,3,6,36,44,23,44,25,0,0
1265333520,MAR0955,32160,0,0,1,0,7,4,0,0,0,0,0,0,0,0,0,0,0,0,8,0,0,2,0,0,1,0,0,0,1,0,1,0,0,0,ProductionLineWorker,1,3,3,6,36,44,23,44,25,0,0
1265592720,MAR0955,32940,0,0,1,0,7,0,0,0,0,0,0,0,0,0,0,0,0,0,10,0,0,0,0,0,1,1,0,0,0,1,0,0,0,0,ProductionLineWorker,1,3,3,6,36,44,23,44,25,0,0
1265679120,MAR0955,32160,0,0,1,0,7,1,0,0,0,0,0,0,0,0,0,0,0,0,10,0,0,0,0,0,1,1,0,0,0,4,1,0,0,0,ProductionLineWorker,1,3,3,6,36,44,23,44,25,0,0
1265765400,MAR0955,32400,0,0,1,0,7,2,0,0,0,0,0,0,0,0,0,0,0,0,10,0,0,0,0,0,1,1,0,0,0,1,0,0,0,0,ProductionLineWorker,1,3,3,6,36,44,23,44,25,0,0
1265851920,MAR0955,32280,0,0,1,0,7,3,0,0,0,0,0,0,0,0,0,0,0,0,8,0,0,2,0,0,1,1,0,0,0,1,0,0,0,1,ProductionLineWorker,1,3,3,6,36,44,23,44,25,0,0
1265938200,MAR0955,32280,0,0,1,0,7,4,0,0,0,0,0,0,0,0,0,0,0,0,9,0,0,1,0,0,1,0,0,0,1,0,5,0,0,0,ProductionLineWorker,1,3,3,6,36,44,23,44,25,0,0
1266197040,MAR0955,33180,0,0,1,0,7,0,0,0,0,0,0,0,0,0,0,0,0,0,9,0,0,1,0,0,1,0,0,0,1,0,1,0,0,0,ProductionLineWorker,1,3,3,6,36,44,23,44,25,0,0
1266283860,MAR0955,32220,0,0,1,0,7,1,0,0,0,0,0,0,0,0,0,0,0,0,8,0,0,2,0,0,1,1,0,0,0,3,1,0,0,0,ProductionLineWorker,1,3,3,6,36,44,23,44,25,0,0
1266369540,MAR0955,33240,0,0,1,0,7,2,0,0,0,0,0,0,0,0,0,0,0,0,9,0,0,1,0,0,1,1,0,0,0,1,0,0,0,0,ProductionLineWorker,1,3,3,6,36,44,23,44,25,0,0
1266456720,MAR0955,33120,0,0,1,0,7,3,0,0,0,0,0,0,0,0,0,0,0,0,8,0,0,2,0,0,1,0,0,0,1,0,3,0,0,0,ProductionLineWorker,1,3,3,6,36,44,23,44,25,0,0
1266542220,MAR0955,33420,0,0,1,0,7,4,0,0,0,0,0,0,0,0,0,0,0,0,9,0,0,1,0,0,1,1,0,0,0,1,0,0,0,0,ProductionLineWorker,1,3,3,6,36,44,23,44,25,0,0
1266801360,MAR0955,33480,0,0,1,0,7,0,0,0,0,0,0,0,0,0,0,0,0,0,7,0,0,3,0,0,1,1,0,0,0,3,0,0,0,0,ProductionLineWorker,1,3,3,6,36,44,23,44,25,0,0
1266888600,MAR0955,32940,0,0,1,0,7,1,0,0,0,0,0,0,0,0,0,0,0,0,8,0,0,2,0,0,1,0,0,0,1,0,3,0,0,0,ProductionLineWorker,1,3,3,6,36,44,23,44,25,0,0
1266975060,MAR0955,32280,0,0,1,0,7,2,0,0,0,0,0,0,0,0,0,0,0,0,9,0,0,1,0,0,1,0,0,0,1,0,1,0,0,0,ProductionLineWorker,1,3,3,6,36,44,23,44,25,0,0
1267061520,MAR0955,32160,0,0,1,0,7,3,0,0,0,0,0,0,0,0,0,0,0,0,10,0,0,0,0,0,1,0,0,0,1,0,1,0,0,0,ProductionLineWorker,1,3,3,6,36,44,23,44,25,0,0
1267147380,MAR0955,33660,0,0,1,0,7,4,0,0,0,0,0,0,0,0,0,0,0,0,9,0,0,1,0,0,1,0,0,0,1,0,1,0,0,0,ProductionLineWorker,1,3,3,6,36,44,23,44,25,0,0
1267406760,MAR0955,33480,0,0,1,0,7,0,0,0,0,0,0,0,0,0,0,0,0,0,6,0,0,4,0,0,1,0,0,0,1,0,2,0,0,0,ProductionLineWorker,1,3,3,6,36,44,23,44,25,0,0
1267493400,MAR0955,32400,0,0,1,0,7,1,0,0,0,0,0,0,0,0,0,0,0,0,8,0,0,2,0,0,1,0,0,0,1,0,3,0,0,0,ProductionLineWorker,1,3,3,6,36,44,23,44,25,0,0
1267579920,MAR0955,32220,0,0,1,0,7,2,0,0,0,0,0,0,0,0,0,0,0,0,6,0,0,4,0,0,1,1,0,0,0,1,0,0,0,0,ProductionLineWorker,1,3,3,6,36,44,23,44,25,0,0
1267666140,MAR0955,32400,0,0,1,0,7,3,0,0,0,0,0,0,0,0,0,0,0,0,10,0,0,0,0,0,1,1,0,0,0,1,0,0,0,0,ProductionLineWorker,1,3,3,6,36,44,23,44,25,0,0
1267752720,MAR0955,32280,0,0,1,0,7,4,0,0,0,0,0,0,0,0,0,0,0,0,8,0,0,2,0,0,1,0,0,0,1,0,4,0,0,0,ProductionLineWorker,1,3,3,6,36,44,23,44,25,0,0
1268011560,MAR0955,32520,0,0,1,0,7,0,0,0,0,0,0,0,0,0,0,0,0,0,9,0,0,1,0,0,1,1,0,0,0,1,0,0,0,0,ProductionLineWorker,1,3,3,6,36,44,23,44,25,0,0
1268098140,MAR0955,32760,0,0,1,0,7,1,0,0,0,0,0,0,0,0,0,0,0,0,8,0,0,2,0,0,1,1,0,0,0,1,0,0,0,0,ProductionLineWorker,1,3,3,6,36,44,23,44,25,0,0
1268184420,MAR0955,33000,0,0,1,0,7,2,0,0,0,0,0,0,0,0,0,0,0,0,9,0,0,1,0,0,1,0,0,0,1,0,3,0,0,0,ProductionLineWorker,1,3,3,6,36,44,23,44,25,0,0
1268271120,MAR0955,32280,0,0,1,0,7,3,0,0,0,0,0,0,0,0,0,0,0,0,8,0,0,2,0,0,1,1,0,0,0,2,0,0,0,0,ProductionLineWorker,1,3,3,6,36,44,23,44,25,0,0
1268356740,MAR0955,33120,0,0,1,0,7,4,0,0,0,0,0,0,0,0,0,0,0,0,8,0,0,2,0,0,1,1,0,0,0,1,0,0,0,0,ProductionLineWorker,1,3,3,6,36,44,23,44,25,0,0
1268615820,MAR0955,34020,0,0,1,0,7,0,0,0,0,0,0,0,0,0,0,0,0,0,6,0,0,4,0,0,1,0,0,0,1,0,3,0,0,0,ProductionLineWorker,1,3,3,6,36,44,23,44,25,0,0
1268703060,MAR0955,32520,0,0,1,0,7,1,0,0,0,0,0,0,0,0,0,0,0,0,9,0,0,1,0,0,1,1,0,0,0,2,1,0,0,0,ProductionLineWorker,1,3,3,6,36,44,23,44,25,0,0
1268788860,MAR0955,32940,0,0,1,0,7,2,0,0,0,0,0,0,0,0,0,0,0,0,9,0,0,1,0,0,1,0,0,0,1,0,2,0,0,0,ProductionLineWorker,1,3,3,6,36,44,23,44,25,0,0
1268874900,MAR0955,33360,0,0,1,0,7,3,0,0,0,0,0,0,0,0,0,0,0,0,8,0,0,2,0,0,1,1,0,0,0,2,0,0,0,0,ProductionLineWorker,1,3,3,6,36,44,23,44,25,0,0
1268962320,MAR0955,32280,0,0,1,0,7,4,0,0,0,0,0,0,0,0,0,0,0,0,9,0,0,1,0,0,1,1,0,0,0,1,0,0,0,0,ProductionLineWorker,1,3,3,6,36,44,23,44,25,0,0
1269220800,MAR0955,33840,0,0,1,0,7,0,0,0,0,0,0,0,0,0,0,0,0,0,9,0,0,1,0,0,1,1,0,0,0,1,0,0,0,0,ProductionLineWorker,1,3,3,6,36,44,23,44,25,0,0
1269307920,MAR0955,32340,0,0,1,0,7,1,0,0,0,0,0,0,0,0,0,0,0,0,9,0,0,1,0,0,1,0,0,0,1,0,2,0,0,0,ProductionLineWorker,1,3,3,6,36,44,23,44,25,0,0
1269393720,MAR0955,33600,0,0,1,0,7,2,0,0,0,0,0,0,0,0,0,0,0,0,9,0,0,1,0,0,1,0,0,0,1,0,4,0,0,0,ProductionLineWorker,1,3,3,6,36,44,23,44,25,0,0
1269480720,MAR0955,32160,0,0,1,0,7,3,0,0,0,0,0,0,0,0,0,0,0,0,8,0,0,2,0,0,1,1,0,0,0,4,0,0,0,0,ProductionLineWorker,1,3,3,6,36,44,23,44,25,0,0
1269566940,MAR0955,33240,0,0,1,0,7,4,0,0,0,0,0,0,0,0,0,0,0,0,9,0,0,1,0,0,1,1,0,0,0,1,0,0,0,0,ProductionLineWorker,1,3,3,6,36,44,23,44,25,0,0
1269825780,MAR0955,33060,0,0,1,0,7,0,0,0,0,0,0,0,0,0,0,0,0,0,8,0,0,2,0,0,1,1,0,0,0,2,0,0,0,0,ProductionLineWorker,1,3,3,6,36,44,23,44,25,0,0
1269912600,MAR0955,32280,0,0,1,0,7,1,0,0,0,0,0,0,0,0,0,0,0,0,8,0,0,2,0,0,1,1,1,0,0,2,1,0,0,0,ProductionLineWorker,1,3,3,6,36,44,23,44,25,0,0
1269998460,MAR0955,33600,0,0,1,0,7,2,0,0,0,0,0,0,0,0,0,0,0,0,9,0,0,1,0,0,1,0,0,0,1,0,1,0,0,0,ProductionLineWorker,1,3,3,6,36,44,23,44,25,0,0
1270084800,MAR0955,33060,0,0,1,0,7,3,0,0,0,0,0,0,0,0,0,0,0,0,6,2,0,2,0,0,0,0,0,0,0,0,0,0,0,0,ProductionLineWorker,1,3,3,6,36,44,23,44,25,0,0
1270430220,MAR0955,33480,0,0,1,0,7,0,0,0,0,0,0,0,0,0,0,0,0,0,9,0,0,1,0,0,1,0,0,0,1,0,2,0,0,1,ProductionLineWorker,1,3,3,6,36,44,23,44,25,0,0
1270516740,MAR0955,33240,0,0,1,0,7,1,0,0,0,0,0,0,0,0,0,0,0,0,8,0,0,2,0,0,1,1,0,0,0,2,0,0,0,0,ProductionLineWorker,1,3,3,6,36,44,23,44,25,0,0
1270603740,MAR0955,33000,0,0,1,0,7,2,0,0,0,0,0,0,0,0,0,0,0,0,9,1,0,0,0,0,1,0,0,0,1,0,3,0,0,0,ProductionLineWorker,1,3,3,6,36,44,23,44,25,0,0
1270690200,MAR0955,32400,0,0,1,0,7,3,0,0,0,0,0,0,0,0,0,0,0,0,2,6,0,2,0,0,1,1,0,0,0,5,0,0,0,0,ProductionLineWorker,1,3,3,6,36,44,23,44,25,0,0
1270776720,MAR0955,32280,0,0,1,0,7,4,0,0,0,0,0,0,0,0,0,0,0,0,9,0,0,1,0,0,1,0,0,0,1,0,2,0,0,0,ProductionLineWorker,1,3,3,6,36,44,23,44,25,0,0
1271035560,MAR0955,33000,0,0,1,0,7,0,0,0,0,0,0,0,0,0,0,0,0,0,8,1,0,1,0,0,1,1,0,0,0,1,0,0,0,0,ProductionLineWorker,1,3,3,6,36,44,23,44,25,0,0
1271121540,MAR0955,33960,0,0,1,0,7,1,0,0,0,0,0,0,0,0,0,0,0,0,9,0,0,1,0,0,1,0,0,0,1,0,1,0,0,0,ProductionLineWorker,1,3,3,6,36,44,23,44,25,0,0
1271208000,MAR0955,33480,0,0,1,0,7,2,0,0,0,0,0,0,0,0,0,0,0,0,8,1,0,1,0,0,1,1,0,0,0,4,0,0,0,0,ProductionLineWorker,1,3,3,6,36,44,23,44,25,0,0
1271295060,MAR0955,32280,0,0,1,0,7,3,0,0,0,0,0,0,0,0,0,0,0,0,8,1,0,1,0,0,1,1,0,0,0,1,0,0,0,0,ProductionLineWorker,1,3,3,6,36,44,23,44,25,0,0
1271381220,MAR0955,32820,0,0,1,0,7,4,0,0,0,0,0,0,0,0,0,0,0,0,7,0,0,2,1,0,1,0,0,0,1,0,3,0,0,0,ProductionLineWorker,1,3,3,6,36,44,23,44,25,0,0
1271640300,MAR0955,33240,0,0,1,0,7,0,0,0,0,0,0,0,0,0,0,0,0,0,10,0,0,0,0,0,1,1,0,0,0,1,0,0,0,0,ProductionLineWorker,1,3,3,6,36,44,23,44,25,0,0
1271727000,MAR0955,32340,0,0,1,0,7,1,0,0,0,0,0,0,0,0,0,0,0,0,8,1,0,1,0,0,1,1,1,0,0,3,2,0,0,0,ProductionLineWorker,1,3,3,6,36,44,23,44,25,0,0
1271812920,MAR0955,33300,0,0,1,0,7,2,0,0,0,0,0,0,0,0,0,0,0,0,10,0,0,0,0,0,1,1,0,0,0,3,0,0,0,0,ProductionLineWorker,1,3,3,6,36,44,23,44,25,0,0
1271899380,MAR0955,32820,0,0,1,0,7,3,0,0,0,0,0,0,0,0,0,0,0,0,9,0,0,1,0,0,1,1,0,0,0,1,0,0,0,0,ProductionLineWorker,1,3,3,6,36,44,23,44,25,0,0
1271986320,MAR0955,32280,0,0,1,0,7,4,0,0,0,0,0,0,0,0,0,0,0,0,10,0,0,0,0,0,1,0,0,0,1,0,2,0,0,0,ProductionLineWorker,1,3,3,6,36,44,23,44,25,0,0
1272245520,MAR0955,33180,0,0,1,0,7,0,0,0,0,0,0,0,0,0,0,0,0,0,6,2,0,2,0,0,1,0,0,0,1,0,2,0,0,0,ProductionLineWorker,1,3,3,6,36,44,23,44,25,0,0
1272330900,MAR0955,33840,0,0,1,0,7,1,0,0,0,0,0,0,0,0,0,0,0,0,7,1,0,2,0,0,1,0,0,0,1,0,1,0,0,0,ProductionLineWorker,1,3,3,6,36,44,23,44,25,0,0
1272417420,MAR0955,33600,0,0,1,0,7,2,0,0,0,0,0,0,0,0,0,0,0,0,8,1,0,1,0,0,1,0,0,0,1,0,1,0,0,0,ProductionLineWorker,1,3,3,6,36,44,23,44,25,0,0
1272504720,MAR0955,32280,0,0,1,0,7,3,0,0,0,0,0,0,0,0,0,0,0,0,6,2,0,2,0,0,1,0,0,0,1,0,4,0,0,0,ProductionLineWorker,1,3,3,6,36,44,23,44,25,0,0
1272590400,MAR0955,33180,0,0,1,0,7,4,0,0,0,0,0,0,0,0,0,0,0,0,6,1,0,3,0,0,1,1,0,0,0,3,0,0,0,0,ProductionLineWorker,1,3,3,6,36,44,23,44,25,0,0
1272850260,MAR0955,32280,0,0,1,0,7,0,0,0,0,0,0,0,0,0,0,0,0,0,6,2,0,1,1,0,1,0,0,0,1,0,1,0,0,0,ProductionLineWorker,1,3,3,6,36,44,23,44,25,0,0
1272935940,MAR0955,33780,0,0,1,0,7,1,0,0,0,0,0,0,0,0,0,0,0,0,8,0,0,2,0,0,1,0,0,0,1,0,3,0,0,0,ProductionLineWorker,1,3,3,6,36,44,23,44,25,0,0
1273023060,MAR0955,32220,0,0,1,0,7,2,0,0,0,0,0,0,0,0,0,0,0,0,9,1,0,0,0,0,1,1,0,0,0,1,0,0,0,0,ProductionLineWorker,1,3,3,6,36,44,23,44,25,0,0
1273109460,MAR0955,32220,0,0,1,0,7,3,0,0,0,0,0,0,0,0,0,0,0,0,8,0,0,2,0,0,1,0,0,0,1,0,1,0,0,0,ProductionLineWorker,1,3,3,6,36,44,23,44,25,0,0
1273194960,MAR0955,33120,0,0,1,0,7,4,0,0,0,0,0,0,0,0,0,0,0,0,8,0,0,2,0,0,1,1,0,0,0,1,0,0,0,0,ProductionLineWorker,1,3,3,6,36,44,23,44,25,0,0
1273455000,MAR0955,32400,0,0,1,0,7,0,0,0,0,0,0,0,0,0,0,0,0,0,7,1,0,1,1,0,1,1,0,0,0,1,0,0,0,0,ProductionLineWorker,1,3,3,6,36,44,23,44,25,0,0
1273541280,MAR0955,32940,0,0,1,0,7,1,0,0,0,0,0,0,0,0,0,0,0,0,8,1,0,1,0,0,1,0,0,0,1,0,1,0,0,0,ProductionLineWorker,1,3,3,6,36,44,23,44,25,0,0
1273627800,MAR0955,33120,0,0,1,0,7,2,0,0,0,0,0,0,0,0,0,0,0,0,8,0,0,2,0,0,1,0,0,0,1,0,1,0,0,0,ProductionLineWorker,1,3,3,6,36,44,23,44,25,0,0
1273714200,MAR0955,33180,0,0,1,0,7,3,0,0,0,0,0,0,0,0,0,0,0,0,10,0,0,0,0,0,0,0,0,0,0,0,0,0,0,0,ProductionLineWorker,1,3,3,6,36,44,23,44,25,0,0
1273799760,MAR0955,33780,0,0,1,0,7,4,0,0,0,0,0,0,0,0,0,0,0,0,6,2,0,2,0,0,1,1,0,0,0,2,0,0,0,0,ProductionLineWorker,1,3,3,6,36,44,23,44,25,0,0
1274058900,MAR0955,33180,0,0,1,0,7,0,0,0,0,0,0,0,0,0,0,0,0,0,9,0,0,1,0,0,1,1,0,0,0,2,0,0,0,0,ProductionLineWorker,1,3,3,6,36,44,23,44,25,0,0
1274145960,MAR0955,32640,0,0,1,0,7,1,0,0,0,0,0,0,0,0,0,0,0,0,9,0,0,1,0,0,1,1,0,0,0,2,0,0,0,0,ProductionLineWorker,1,3,3,6,36,44,23,44,25,0,0
1274232660,MAR0955,33180,0,0,1,0,7,2,0,0,0,0,0,0,0,0,0,0,0,0,8,1,0,1,0,0,1,1,0,0,0,2,0,0,0,0,ProductionLineWorker,1,3,3,6,36,44,23,44,25,0,0
1274319000,MAR0955,32760,0,0,1,0,7,3,0,0,0,0,0,0,0,0,0,0,0,0,10,0,0,0,0,0,1,1,0,0,0,1,0,0,0,0,ProductionLineWorker,1,3,3,6,36,44,23,44,25,0,0
1274404740,MAR0955,33660,0,0,1,0,7,4,0,0,0,0,0,0,0,0,0,0,0,0,7,0,0,3,0,0,1,1,0,0,0,4,0,0,0,0,ProductionLineWorker,1,3,3,6,36,44,23,44,25,0,0
1274664600,MAR0955,32940,0,0,1,0,7,0,0,0,0,0,0,0,0,0,0,0,0,0,10,0,0,0,0,0,1,0,0,0,1,0,2,0,0,1,ProductionLineWorker,1,3,3,6,36,44,23,44,25,0,0
1274751120,MAR0955,32160,0,0,1,0,7,1,0,0,0,0,0,0,0,0,0,0,0,0,9,0,0,1,0,0,1,0,0,0,1,0,3,0,0,0,ProductionLineWorker,1,3,3,6,36,44,23,44,25,0,0
1274837400,MAR0955,32340,0,0,1,0,7,2,0,0,0,0,0,0,0,0,0,0,0,0,9,0,0,1,0,0,1,0,0,0,1,0,2,0,0,0,ProductionLineWorker,1,3,3,6,36,44,23,44,25,0,0
1274923500,MAR0955,33120,0,0,1,0,7,3,0,0,0,0,0,0,0,0,0,0,0,0,9,0,0,1,0,0,1,0,0,0,1,0,2,0,0,0,ProductionLineWorker,1,3,3,6,36,44,23,44,25,0,0
1275009840,MAR0955,33660,0,0,1,0,7,4,0,0,0,0,0,0,0,0,0,0,0,0,8,1,0,1,0,0,1,0,0,0,1,0,1,0,0,0,ProductionLineWorker,1,3,3,6,36,44,23,44,25,0,0
1275355560,MAR0955,32580,0,0,1,0,7,1,0,0,0,0,0,0,0,0,0,0,0,0,10,0,0,0,0,0,0,0,0,0,0,0,0,0,0,0,ProductionLineWorker,1,3,3,6,36,44,23,44,25,0,0
1275442260,MAR0955,33240,0,0,1,0,7,2,0,0,0,0,0,0,0,0,0,0,0,0,10,0,0,0,0,0,1,1,0,0,0,1,0,0,0,1,ProductionLineWorker,1,3,3,6,36,44,23,44,25,0,0
1275528180,MAR0955,33300,0,0,1,0,7,3,0,0,0,0,0,0,0,0,0,0,0,0,9,1,0,0,0,0,1,0,0,0,1,0,4,0,0,0,ProductionLineWorker,1,3,3,6,36,44,23,44,25,0,0
1275614400,MAR0955,33840,0,0,1,0,7,4,0,0,0,0,0,0,0,0,0,0,0,0,8,0,0,2,0,0,1,0,1,0,0,0,2,0,0,1,ProductionLineWorker,1,3,3,6,36,44,23,44,25,0,0
1275873900,MAR0955,32700,0,0,1,0,7,0,0,0,0,0,0,0,0,0,0,0,0,0,9,0,0,1,0,0,1,1,0,0,0,1,0,0,0,0,ProductionLineWorker,1,3,3,6,36,44,23,44,25,0,0
1275960600,MAR0955,32400,0,0,1,0,7,1,0,0,0,0,0,0,0,0,0,0,0,0,8,0,0,2,0,0,1,0,0,0,1,0,4,0,0,0,ProductionLineWorker,1,3,3,6,36,44,23,44,25,0,0
1276046640,MAR0955,33000,0,0,1,0,7,2,0,0,0,0,0,0,0,0,0,0,0,0,9,0,0,1,0,0,1,0,0,0,1,0,2,0,0,0,ProductionLineWorker,1,3,3,6,36,44,23,44,25,0,0
1276132860,MAR0955,33780,0,0,1,0,7,3,0,0,0,0,0,0,0,0,0,0,0,0,5,3,0,2,0,0,1,1,0,0,0,1,1,0,0,0,ProductionLineWorker,1,3,3,6,36,44,23,44,25,0,0
1276219140,MAR0955,33180,0,0,1,0,7,4,0,0,0,0,0,0,0,0,0,0,0,0,6,2,0,2,0,0,1,0,0,0,1,0,4,0,0,0,ProductionLineWorker,1,3,3,6,36,44,23,44,25,0,0
1276478940,MAR0955,33060,0,0,1,0,7,0,0,0,0,0,0,0,0,0,0,0,0,0,9,0,0,1,0,0,1,0,0,0,1,0,1,0,0,0,ProductionLineWorker,1,3,3,6,36,44,23,44,25,0,0
1276564920,MAR0955,32820,0,0,1,0,7,1,0,0,0,0,0,0,0,0,0,0,0,0,9,0,0,1,0,0,1,0,0,0,1,0,3,0,0,0,ProductionLineWorker,1,3,3,6,36,44,23,44,25,0,0
1276651800,MAR0955,32340,0,0,1,0,7,2,0,0,0,0,0,0,0,0,0,0,0,0,10,0,0,0,0,0,1,1,0,0,0,3,0,0,0,0,ProductionLineWorker,1,3,3,6,36,44,23,44,25,0,0
1276738320,MAR0955,32160,0,0,1,0,7,3,0,0,0,0,0,0,0,0,0,0,0,0,8,1,0,1,0,0,1,1,0,0,0,2,0,0,0,0,ProductionLineWorker,1,3,3,6,36,44,23,44,25,0,0
1276824660,MAR0955,32340,0,0,1,0,7,4,0,0,0,0,0,0,0,0,0,0,0,0,9,0,0,1,0,0,1,1,0,0,0,1,0,0,0,0,ProductionLineWorker,1,3,3,6,36,44,23,44,25,0,0
1277083740,MAR0955,32400,0,0,1,0,7,0,0,0,0,0,0,0,0,0,0,0,0,0,5,3,0,2,0,0,1,1,0,0,0,1,1,0,0,0,ProductionLineWorker,1,3,3,6,36,44,23,44,25,0,0
1277169780,MAR0955,33000,0,0,1,0,7,1,0,0,0,0,0,0,0,0,0,0,0,0,7,2,0,1,0,0,1,0,0,0,1,0,1,0,0,1,ProductionLineWorker,1,3,3,6,36,44,23,44,25,0,0
1277256300,MAR0955,33540,0,0,1,0,7,2,0,0,0,0,0,0,0,0,0,0,0,0,6,1,0,3,0,0,1,0,0,0,1,0,1,0,0,0,ProductionLineWorker,1,3,3,6,36,44,23,44,25,0,0
1277343000,MAR0955,33120,0,0,1,0,7,3,0,0,0,0,0,0,0,0,0,0,0,0,8,0,0,2,0,0,1,0,0,0,1,0,1,0,0,0,ProductionLineWorker,1,3,3,6,36,44,23,44,25,0,0
1277428740,MAR0955,33240,0,0,1,0,7,4,0,0,0,0,0,0,0,0,0,0,0,0,5,1,0,4,0,0,1,0,0,0,1,0,4,0,0,0,ProductionLineWorker,1,3,3,6,36,44,23,44,25,0,0
1277687880,MAR0955,33180,0,0,1,0,7,0,0,0,0,0,0,0,0,0,0,0,0,0,8,0,0,2,0,0,1,1,1,0,0,2,1,0,0,0,ProductionLineWorker,1,3,3,6,36,44,23,44,25,0,0
1277775120,MAR0955,32280,0,0,1,0,7,1,0,0,0,0,0,0,0,0,0,0,0,0,7,2,0,1,0,0,1,1,0,0,0,1,0,0,0,0,ProductionLineWorker,1,3,3,6,36,44,23,44,25,0,0
1277861520,MAR0955,32220,0,0,1,0,7,2,0,0,0,0,0,0,0,0,0,0,0,0,8,0,0,2,0,0,1,0,0,0,1,0,1,0,0,0,ProductionLineWorker,1,3,3,6,36,44,23,44,25,0,0
1277947020,MAR0955,34080,0,0,1,0,7,3,0,0,0,0,0,0,0,0,0,0,0,0,7,1,0,2,0,0,1,0,0,0,1,0,2,0,0,0,ProductionLineWorker,1,3,3,6,36,44,23,44,25,0,0
1278033300,MAR0955,33720,0,0,1,0,7,4,0,0,0,0,0,0,0,0,0,0,0,0,8,0,0,2,0,0,1,0,0,0,1,0,3,0,0,0,ProductionLineWorker,1,3,3,6,36,44,23,44,25,0,0
1278379920,MAR0955,32220,0,0,1,0,7,1,0,0,0,0,0,0,0,0,0,0,0,0,8,0,0,2,0,0,1,0,0,0,1,0,1,0,0,0,ProductionLineWorker,1,3,3,6,36,44,23,44,25,0,0
1278466320,MAR0955,32220,0,0,1,0,7,2,0,0,0,0,0,0,0,0,0,0,0,0,8,0,0,2,0,0,1,0,0,0,1,0,1,0,0,0,ProductionLineWorker,1,3,3,6,36,44,23,44,25,0,0
1278552600,MAR0955,32400,0,0,1,0,7,3,0,0,0,0,0,0,0,0,0,0,0,0,4,3,0,3,0,0,1,1,0,0,0,2,0,0,0,0,ProductionLineWorker,1,3,3,6,36,44,23,44,25,0,0
1278639060,MAR0955,32340,0,0,1,0,7,4,0,0,0,0,0,0,0,0,0,0,0,0,8,1,0,1,0,0,1,0,0,0,1,0,3,0,0,1,ProductionLineWorker,1,3,3,6,36,44,23,44,25,0,0
1278898260,MAR0955,32280,0,0,1,0,7,0,0,0,0,0,0,0,0,0,0,0,0,0,8,0,0,2,0,0,1,0,0,0,1,0,1,0,0,0,ProductionLineWorker,1,3,3,6,36,44,23,44,25,0,0
1278984720,MAR0955,32160,0,0,1,0,7,1,0,0,0,0,0,0,0,0,0,0,0,0,6,3,0,1,0,0,1,0,0,0,1,0,1,0,0,0,ProductionLineWorker,1,3,3,6,36,44,23,44,25,0,0
1279071000,MAR0955,32280,0,0,1,0,7,2,0,0,0,0,0,0,0,0,0,0,0,0,9,0,0,1,0,0,1,0,0,0,1,0,3,0,0,0,ProductionLineWorker,1,3,3,6,36,44,23,44,25,0,0
1279157220,MAR0955,32520,0,0,1,0,7,3,0,0,0,0,0,0,0,0,0,0,0,0,10,0,0,0,0,0,1,0,0,0,1,0,1,0,0,0,ProductionLineWorker,1,3,3,6,36,44,23,44,25,0,0
1279243800,MAR0955,32400,0,0,1,0,7,4,0,0,0,0,0,0,0,0,0,0,0,0,9,0,0,1,0,0,1,1,0,0,0,1,0,0,0,0,ProductionLineWorker,1,3,3,6,36,44,23,44,25,0,0
1279503000,MAR0955,32340,0,0,1,0,7,0,0,0,0,0,0,0,0,0,0,0,0,0,8,0,0,2,0,0,1,0,0,0,1,0,1,0,0,0,ProductionLineWorker,1,3,3,6,36,44,23,44,25,0,0
1279589460,MAR0955,32340,0,0,1,0,7,1,0,0,0,0,0,0,0,0,0,0,0,0,7,1,0,2,0,0,1,0,0,0,1,0,1,0,0,0,ProductionLineWorker,1,3,3,6,36,44,23,44,25,0,0
1279675920,MAR0955,32220,0,0,1,0,7,2,0,0,0,0,0,0,0,0,0,0,0,0,9,0,0,1,0,0,1,0,0,0,1,0,5,0,0,0,ProductionLineWorker,1,3,3,6,36,44,23,44,25,0,0
1279761660,MAR0955,33240,0,0,1,0,7,3,0,0,0,0,0,0,0,0,0,0,0,0,9,0,0,1,0,0,1,0,1,0,0,0,1,0,0,0,ProductionLineWorker,1,3,3,6,36,44,23,44,25,0,0
1279848660,MAR0955,32760,0,0,1,0,7,4,0,0,0,0,0,0,0,0,0,0,0,0,9,0,0,1,0,0,1,0,0,0,1,0,1,0,0,0,ProductionLineWorker,1,3,3,6,36,44,23,44,25,0,0
1280107800,MAR0955,32700,0,0,1,0,7,0,0,0,0,0,0,0,0,0,0,0,0,0,7,0,0,3,0,0,0,0,0,0,0,0,0,0,0,0,ProductionLineWorker,1,3,3,6,36,44,23,44,25,0,0
1280194320,MAR0955,32220,0,0,1,0,7,1,0,0,0,0,0,0,0,0,0,0,0,0,8,0,0,2,0,0,1,1,0,0,0,1,0,0,0,0,ProductionLineWorker,1,3,3,6,36,44,23,44,25,0,0
1280280660,MAR0955,32340,0,0,1,0,7,2,0,0,0,0,0,0,0,0,0,0,0,0,9,0,0,1,0,0,1,0,0,0,1,0,2,0,0,0,ProductionLineWorker,1,3,3,6,36,44,23,44,25,0,0
1280367060,MAR0955,33060,0,0,1,0,7,3,0,0,0,0,0,0,0,0,0,0,0,0,7,1,0,2,0,0,1,0,0,0,1,0,3,0,0,0,ProductionLineWorker,1,3,3,6,36,44,23,44,25,0,0
1280453460,MAR0955,32220,0,0,1,0,7,4,0,0,0,0,0,0,0,0,0,0,0,0,9,0,0,1,0,0,1,1,0,0,0,1,0,0,0,0,ProductionLineWorker,1,3,3,6,36,44,23,44,25,0,0
1280712660,MAR0955,32340,0,0,1,0,7,0,0,0,0,0,0,0,0,0,0,0,0,0,9,0,0,1,0,0,1,1,0,0,0,1,0,0,0,0,ProductionLineWorker,1,3,3,6,36,44,23,44,25,0,0
1280799060,MAR0955,32820,0,0,1,0,7,1,0,0,0,0,0,0,0,0,0,0,0,0,9,0,0,1,0,0,1,0,0,0,1,0,1,0,0,0,ProductionLineWorker,1,3,3,6,36,44,23,44,25,0,0
1280884980,MAR0955,32880,0,0,1,0,7,2,0,0,0,0,0,0,0,0,0,0,0,0,8,0,0,2,0,0,1,0,0,0,1,0,1,0,0,0,ProductionLineWorker,1,3,3,6,36,44,23,44,25,0,0
1280971860,MAR0955,32460,0,0,1,0,7,3,0,0,0,0,0,0,0,0,0,0,0,0,9,1,0,0,0,0,1,0,0,0,1,0,1,0,0,0,ProductionLineWorker,1,3,3,6,36,44,23,44,25,0,0
1281058260,MAR0955,32280,0,0,1,0,7,4,0,0,0,0,0,0,0,0,0,0,0,0,9,0,0,1,0,0,1,0,0,0,1,0,1,0,0,0,ProductionLineWorker,1,3,3,6,36,44,23,44,25,0,0
1281317520,MAR0955,32520,0,0,1,0,7,0,0,0,0,0,0,0,0,0,0,0,0,0,9,1,0,0,0,0,1,1,0,0,0,1,0,0,0,0,ProductionLineWorker,1,3,3,6,36,44,23,44,25,0,0
1281403920,MAR0955,32280,0,0,1,0,7,1,0,0,0,0,0,0,0,0,0,0,0,0,4,5,0,1,0,0,1,0,0,0,1,0,2,0,0,0,ProductionLineWorker,1,3,3,6,36,44,23,44,25,0,0
1281489960,MAR0955,32580,0,0,1,0,7,2,0,0,0,0,0,0,0,0,0,0,0,0,9,0,0,1,0,0,1,1,0,0,0,3,0,0,0,1,ProductionLineWorker,1,3,3,6,36,44,23,44,25,0,0
1281576240,MAR0955,32940,0,0,1,0,7,3,0,0,0,0,0,0,0,0,0,0,0,0,7,1,0,2,0,0,1,1,0,0,0,1,0,0,0,0,ProductionLineWorker,1,3,3,6,36,44,23,44,25,0,0
1281663120,MAR0955,32220,0,0,1,0,7,4,0,0,0,0,0,0,0,0,0,0,0,0,8,1,0,1,0,0,1,0,0,0,1,0,1,0,0,0,ProductionLineWorker,1,3,3,6,36,44,23,44,25,0,0
1281921900,MAR0955,33180,0,0,1,0,7,0,0,0,0,0,0,0,0,0,0,0,0,0,9,0,0,1,0,0,1,1,0,0,0,1,0,0,0,0,ProductionLineWorker,1,3,3,6,36,44,23,44,25,0,0
1282008660,MAR0955,32220,0,0,1,0,7,1,0,0,0,0,0,0,0,0,0,0,0,0,8,1,0,1,0,0,1,1,1,0,0,1,1,0,0,0,ProductionLineWorker,1,3,3,6,36,44,23,44,25,0,0
1282095000,MAR0955,32580,0,0,1,0,7,2,0,0,0,0,0,0,0,0,0,0,0,0,9,1,0,0,0,0,1,0,0,0,1,0,1,0,0,0,ProductionLineWorker,1,3,3,6,36,44,23,44,25,0,0
1282180980,MAR0955,32820,0,0,1,0,7,3,0,0,0,0,0,0,0,0,0,0,0,0,5,5,0,0,0,0,1,1,0,0,0,3,0,0,0,0,ProductionLineWorker,1,3,3,6,36,44,23,44,25,0,0
1282267800,MAR0955,33240,0,0,1,0,7,4,0,0,0,0,0,0,0,0,0,0,0,0,6,1,0,3,0,0,1,0,0,0,1,0,1,0,0,0,ProductionLineWorker,1,3,3,6,36,44,23,44,25,0,0
1282526700,MAR0955,33420,0,0,1,0,7,0,0,0,0,0,0,0,0,0,0,0,0,0,9,0,0,1,0,0,1,1,0,0,0,1,0,0,0,0,ProductionLineWorker,1,3,3,6,36,44,23,44,25,0,0
1282613460,MAR0955,32280,0,0,1,0,7,1,0,0,0,0,0,0,0,0,0,0,0,0,7,1,0,2,0,0,1,1,0,0,0,1,0,0,0,1,ProductionLineWorker,1,3,3,6,36,44,23,44,25,0,0
1282699800,MAR0955,32400,0,0,1,0,7,2,0,0,0,0,0,0,0,0,0,0,0,0,8,1,0,1,0,0,1,1,0,0,0,3,1,0,0,0,ProductionLineWorker,1,3,3,6,36,44,23,44,25,0,0
1282786200,MAR0955,32400,0,0,1,0,7,3,0,0,0,0,0,0,0,0,0,0,0,0,9,0,0,1,0,0,1,1,0,0,0,2,0,0,0,0,ProductionLineWorker,1,3,3,6,36,44,23,44,25,0,0
1282872060,MAR0955,33000,0,0,1,0,7,4,0,0,0,0,0,0,0,0,0,0,0,0,7,2,0,1,0,0,1,0,0,0,1,0,1,0,0,0,ProductionLineWorker,1,3,3,6,36,44,23,44,25,0,0
1283131800,MAR0955,32340,0,0,1,0,7,0,0,0,0,0,0,0,0,0,0,0,0,0,9,0,0,1,0,0,1,0,0,0,1,0,4,0,0,1,ProductionLineWorker,1,3,3,6,36,44,23,44,25,0,0
1283218320,MAR0955,32280,0,0,1,0,7,1,0,0,0,0,0,0,0,0,0,0,0,0,7,2,0,1,0,0,1,0,0,0,1,0,1,0,0,1,ProductionLineWorker,1,3,3,6,36,44,23,44,25,0,0
1283304600,MAR0955,32400,0,0,1,0,7,2,0,0,0,0,0,0,0,0,0,0,0,0,7,1,0,2,0,0,1,1,0,0,0,1,0,0,0,1,ProductionLineWorker,1,3,3,6,36,44,23,44,25,0,0
1283391060,MAR0955,32400,0,0,1,0,7,3,0,0,0,0,0,0,0,0,0,0,0,0,8,0,0,2,0,0,1,1,0,0,0,1,0,0,0,1,ProductionLineWorker,1,3,3,6,36,44,23,44,25,0,0
1283477460,MAR0955,32760,0,0,1,0,7,4,0,0,0,0,0,0,0,0,0,0,0,0,10,0,0,0,0,0,1,0,0,0,1,0,2,0,0,0,ProductionLineWorker,1,3,3,6,36,44,23,44,25,0,0
1283822700,MAR0955,32940,0,0,1,0,7,1,0,0,0,0,0,0,0,0,0,0,0,0,8,2,0,0,0,0,1,0,0,0,1,0,1,0,0,0,ProductionLineWorker,1,3,3,6,36,44,23,44,25,0,0
1283909460,MAR0955,32280,0,0,1,0,7,2,0,0,0,0,0,0,0,0,0,0,0,0,9,0,0,1,0,0,1,1,0,0,0,1,0,0,0,0,ProductionLineWorker,1,3,3,6,36,44,23,44,25,0,0
1283995560,MAR0955,32880,0,0,1,0,7,3,0,0,0,0,0,0,0,0,0,0,0,0,9,0,0,1,0,0,1,0,0,0,1,0,1,0,0,0,ProductionLineWorker,1,3,3,6,36,44,23,44,25,0,0
1284082320,MAR0955,32280,0,0,1,0,7,4,0,0,0,0,0,0,0,0,0,0,0,0,10,0,0,0,0,0,1,1,0,0,0,1,0,0,0,0,ProductionLineWorker,1,3,3,6,36,44,23,44,25,0,0
1284341340,MAR0955,33060,0,0,1,0,7,0,0,0,0,0,0,0,0,0,0,0,0,0,6,0,0,4,0,0,1,1,0,0,0,2,0,0,0,0,ProductionLineWorker,1,3,3,6,36,44,23,44,25,0,0
1284427200,MAR0955,33180,0,0,1,0,7,1,0,0,0,0,0,0,0,0,0,0,0,0,6,0,0,4,0,0,1,1,0,0,0,3,0,0,0,0,ProductionLineWorker,1,3,3,6,36,44,23,44,25,0,0
1284513300,MAR0955,33480,0,0,1,0,7,2,0,0,0,0,0,0,0,0,0,0,0,0,9,1,0,0,0,0,1,0,0,0,1,0,1,0,0,0,ProductionLineWorker,1,3,3,6,36,44,23,44,25,0,0
1284600540,MAR0955,32340,0,0,1,0,7,3,0,0,0,0,0,0,0,0,0,0,0,0,8,0,0,2,0,0,1,0,0,0,1,0,3,0,0,0,ProductionLineWorker,1,3,3,6,36,44,23,44,25,0,0
1284686340,MAR0955,33600,0,0,1,0,7,4,0,0,0,0,0,0,0,0,0,0,0,0,8,0,0,2,0,0,1,0,0,0,1,0,1,0,0,0,ProductionLineWorker,1,3,3,6,36,44,23,44,25,0,0
1284945780,MAR0955,33120,0,0,1,0,7,0,0,0,0,0,0,0,0,0,0,0,0,0,8,0,0,2,0,0,1,1,0,0,0,3,0,0,0,1,ProductionLineWorker,1,3,3,6,36,44,23,44,25,0,0
1285032420,MAR0955,32460,0,0,1,0,7,1,0,0,0,0,0,0,0,0,0,0,0,0,5,1,0,4,0,0,1,1,0,0,0,4,0,0,0,0,ProductionLineWorker,1,3,3,6,36,44,23,44,25,0,0
1285119000,MAR0955,33240,0,0,1,0,7,2,0,0,0,0,0,0,0,0,0,0,0,0,10,0,0,0,0,0,1,1,0,0,0,4,0,0,0,0,ProductionLineWorker,1,3,3,6,36,44,23,44,25,0,0
1285205520,MAR0955,32280,0,0,1,0,7,3,0,0,0,0,0,0,0,0,0,0,0,0,6,3,0,1,0,0,1,1,0,0,0,1,0,0,0,0,ProductionLineWorker,1,3,3,6,36,44,23,44,25,0,0
1285291800,MAR0955,32340,0,0,1,0,7,4,0,0,0,0,0,0,0,0,0,0,0,0,8,0,0,2,0,0,1,0,0,0,1,0,1,0,0,0,ProductionLineWorker,1,3,3,6,36,44,23,44,25,0,0
1285551000,MAR0955,32280,0,0,1,0,7,0,0,0,0,0,0,0,0,0,0,0,0,0,7,1,0,2,0,0,1,0,0,0,1,0,2,0,0,0,ProductionLineWorker,1,3,3,6,36,44,23,44,25,0,0
1285636860,MAR0955,33240,0,0,1,0,7,1,0,0,0,0,0,0,0,0,0,0,0,0,7,2,0,1,0,0,1,1,0,0,0,3,0,0,0,0,ProductionLineWorker,1,3,3,6,36,44,23,44,25,0,0
1285723020,MAR0955,33240,0,0,1,0,7,2,0,0,0,0,0,0,0,0,0,0,0,0,9,0,0,1,0,0,1,0,0,0,1,0,1,0,0,0,ProductionLineWorker,1,3,3,6,36,44,23,44,25,0,0
1285810140,MAR0955,33360,0,0,1,0,7,3,0,0,0,0,0,0,0,0,0,0,0,0,9,0,0,0,1,0,1,1,0,0,0,1,0,0,0,0,ProductionLineWorker,1,3,3,6,36,44,23,44,25,0,0
1285896540,MAR0955,32520,0,0,1,0,7,4,0,0,0,0,0,0,0,0,0,0,0,0,8,0,0,2,0,0,1,0,0,0,1,0,1,0,0,1,ProductionLineWorker,1,3,3,6,36,44,23,44,25,0,0
1286155860,MAR0955,32760,0,0,1,0,7,0,0,0,0,0,0,0,0,0,0,0,0,0,5,1,0,3,1,0,1,1,0,0,0,1,0,0,0,0,ProductionLineWorker,1,3,3,6,36,44,23,44,25,0,0
1286241780,MAR0955,33300,0,0,1,0,7,1,0,0,0,0,0,0,0,0,0,0,0,0,9,0,0,1,0,0,1,1,0,0,0,3,0,0,0,0,ProductionLineWorker,1,3,3,6,36,44,23,44,25,0,0
1286328600,MAR0955,32340,0,0,1,0,7,2,0,0,0,0,0,0,0,0,0,0,0,0,6,1,0,3,0,0,1,1,0,0,0,3,0,0,0,1,ProductionLineWorker,1,3,3,6,36,44,23,44,25,0,0
1286414820,MAR0955,33000,0,0,1,0,7,3,0,0,0,0,0,0,0,0,0,0,0,0,9,0,0,1,0,0,1,0,0,0,1,0,2,0,0,0,ProductionLineWorker,1,3,3,6,36,44,23,44,25,0,0
1286501520,MAR0955,32220,0,0,1,0,7,4,0,0,0,0,0,0,0,0,0,0,0,0,8,0,0,2,0,0,1,1,0,0,0,5,0,0,0,0,ProductionLineWorker,1,3,3,6,36,44,23,44,25,0,0
1286760720,MAR0955,32220,0,0,1,0,7,0,0,0,0,0,0,0,0,0,0,0,0,0,9,0,0,1,0,0,1,1,0,0,0,1,0,0,0,0,ProductionLineWorker,1,3,3,6,36,44,23,44,25,0,0
1286847120,MAR0955,32280,0,0,1,0,7,1,0,0,0,0,0,0,0,0,0,0,0,0,9,0,0,1,0,0,1,0,0,0,1,0,3,0,0,0,ProductionLineWorker,1,3,3,6,36,44,23,44,25,0,0
1286932980,MAR0955,32700,0,0,1,0,7,2,0,0,0,0,0,0,0,0,0,0,0,0,9,0,0,1,0,0,1,1,0,0,0,1,0,0,0,0,ProductionLineWorker,1,3,3,6,36,44,23,44,25,0,0
1287018960,MAR0955,33840,0,0,1,0,7,3,0,0,0,0,0,0,0,0,0,0,0,0,8,0,0,2,0,0,1,0,0,0,1,0,3,0,0,0,ProductionLineWorker,1,3,3,6,36,44,23,44,25,0,0
1287105420,MAR0955,33180,0,0,1,0,7,4,0,0,0,0,0,0,0,0,0,0,0,0,10,0,0,0,0,0,0,0,0,0,0,0,0,0,0,0,ProductionLineWorker,1,3,3,6,36,44,23,44,25,0,0
1287365160,MAR0955,33420,0,0,1,0,7,0,0,0,0,0,0,0,0,0,0,0,0,0,9,0,0,1,0,0,1,1,0,0,0,1,0,0,0,0,ProductionLineWorker,1,3,3,6,36,44,23,44,25,0,0
1287451380,MAR0955,33660,0,0,1,0,7,1,0,0,0,0,0,0,0,0,0,0,0,0,7,0,0,3,0,0,1,0,0,0,1,0,1,0,0,1,ProductionLineWorker,1,3,3,6,36,44,23,44,25,0,0
1287537600,MAR0955,33480,0,0,1,0,7,2,0,0,0,0,0,0,0,0,0,0,0,0,8,1,0,1,0,0,1,0,0,0,1,0,1,0,0,0,ProductionLineWorker,1,3,3,6,36,44,23,44,25,0,0
1287624660,MAR0955,33060,0,0,1,0,7,3,0,0,0,0,0,0,0,0,0,0,0,0,10,0,0,0,0,0,1,1,0,0,0,1,0,0,0,0,ProductionLineWorker,1,3,3,6,36,44,23,44,25,0,0
1287711060,MAR0955,32280,0,0,1,0,7,4,0,0,0,0,0,0,0,0,0,0,0,0,7,2,0,1,0,0,1,0,0,0,1,0,2,0,0,0,ProductionLineWorker,1,3,3,6,36,44,23,44,25,0,0
1287970200,MAR0955,32280,0,0,1,0,7,0,0,0,0,0,0,0,0,0,0,0,0,0,8,2,0,0,0,0,1,1,0,0,0,2,0,0,0,0,ProductionLineWorker,1,3,3,6,36,44,23,44,25,0,0
1288056000,MAR0955,33060,0,0,1,0,7,1,0,0,0,0,0,0,0,0,0,0,0,0,7,1,0,2,0,0,1,0,0,0,1,0,3,0,0,0,ProductionLineWorker,1,3,3,6,36,44,23,44,25,0,0
1288142940,MAR0955,32460,0,0,1,0,7,2,0,0,0,0,0,0,0,0,0,0,0,0,8,0,0,2,0,0,1,0,0,0,1,0,3,0,0,0,ProductionLineWorker,1,3,3,6,36,44,23,44,25,0,0
1288229220,MAR0955,32700,0,0,1,0,7,3,0,0,0,0,0,0,0,0,0,0,0,0,8,0,0,2,0,0,1,1,0,0,0,1,0,0,0,0,ProductionLineWorker,1,3,3,6,36,44,23,44,25,0,0
1288315740,MAR0955,32340,0,0,1,0,7,4,0,0,0,0,0,0,0,0,0,0,0,0,9,1,0,0,0,0,1,1,0,0,0,4,0,0,0,0,ProductionLineWorker,1,3,3,6,36,44,23,44,25,0,0
1288575000,MAR0955,32280,0,0,1,0,7,0,0,0,0,0,0,0,0,0,0,0,0,0,8,2,0,0,0,0,1,0,0,0,1,0,1,0,0,0,ProductionLineWorker,1,3,3,6,36,44,23,44,25,0,0
1288660800,MAR0955,33840,0,0,1,0,7,1,0,0,0,0,0,0,0,0,0,0,0,0,9,0,0,1,0,0,1,1,0,0,0,1,0,0,0,0,ProductionLineWorker,1,3,3,6,36,44,23,44,25,0,0
1288747440,MAR0955,33120,0,0,1,0,7,2,0,0,0,0,0,0,0,0,0,0,0,0,8,0,0,2,0,0,1,1,0,0,0,3,0,0,0,0,ProductionLineWorker,1,3,3,6,36,44,23,44,25,0,0
1288834260,MAR0955,32280,0,0,1,0,7,3,0,0,0,0,0,0,0,0,0,0,0,0,10,0,0,0,0,0,0,0,0,0,0,0,0,0,0,0,ProductionLineWorker,1,3,3,6,36,44,23,44,25,0,0
1288920660,MAR0955,32280,0,0,1,0,7,4,0,0,0,0,0,0,0,0,0,0,0,0,9,0,0,1,0,0,1,0,0,0,1,0,1,0,0,0,ProductionLineWorker,1,3,3,6,36,44,23,44,25,0,0
1289179860,MAR0955,33060,0,0,1,0,7,0,0,0,0,0,0,0,0,0,0,0,0,0,9,1,0,0,0,0,1,0,0,0,1,0,4,0,0,0,ProductionLineWorker,1,3,3,6,36,44,23,44,25,0,0
1289266200,MAR0955,32280,0,0,1,0,7,1,0,0,0,0,0,0,0,0,0,0,0,0,10,0,0,0,0,0,1,1,0,0,0,2,0,0,0,0,ProductionLineWorker,1,3,3,6,36,44,23,44,25,0,0
1289351820,MAR0955,34080,0,0,1,0,7,2,0,0,0,0,0,0,0,0,0,0,0,0,8,1,0,1,0,0,1,0,0,0,1,0,1,0,0,0,ProductionLineWorker,1,3,3,6,36,44,23,44,25,0,0
1289438880,MAR0955,32820,0,0,1,0,7,3,0,0,0,0,0,0,0,0,0,0,0,0,8,1,0,1,0,0,1,1,0,0,0,3,0,0,0,0,ProductionLineWorker,1,3,3,6,36,44,23,44,25,0,0
1289525400,MAR0955,33000,0,0,1,0,7,4,0,0,0,0,0,0,0,0,0,0,0,0,8,1,0,1,0,0,1,1,0,0,0,1,0,0,0,0,ProductionLineWorker,1,3,3,6,36,44,23,44,25,0,0
1289784600,MAR0955,32400,0,0,1,0,7,0,0,0,0,0,0,0,0,0,0,0,0,0,8,0,0,2,0,0,1,1,0,0,0,1,0,0,0,0,ProductionLineWorker,1,3,3,6,36,44,23,44,25,0,0
1289870880,MAR0955,32820,0,0,1,0,7,1,0,0,0,0,0,0,0,0,0,0,0,0,7,2,0,1,0,0,1,0,0,0,1,0,5,0,0,0,ProductionLineWorker,1,3,3,6,36,44,23,44,25,0,0
1289957400,MAR0955,32340,0,0,1,0,7,2,0,0,0,0,0,0,0,0,0,0,0,0,10,0,0,0,0,0,1,1,0,0,0,3,0,0,0,0,ProductionLineWorker,1,3,3,6,36,44,23,44,25,0,0
1290043920,MAR0955,32280,0,0,1,0,7,3,0,0,0,0,0,0,0,0,0,0,0,0,9,0,0,1,0,0,1,0,0,0,1,0,1,0,0,0,ProductionLineWorker,1,3,3,6,36,44,23,44,25,0,0
1290130200,MAR0955,32520,0,0,1,0,7,4,0,0,0,0,0,0,0,0,0,0,0,0,9,0,0,1,0,0,0,0,0,0,0,0,0,0,0,0,ProductionLineWorker,1,3,3,6,36,44,23,44,25,0,0
1290389100,MAR0955,32700,0,0,1,0,7,0,0,0,0,0,0,0,0,0,0,0,0,0,6,1,0,3,0,0,1,0,0,0,1,0,4,0,0,0,ProductionLineWorker,1,3,3,6,36,44,23,44,25,0,0
1290475020,MAR0955,33960,0,0,1,0,7,1,0,0,0,0,0,0,0,0,0,0,0,0,8,0,0,1,1,0,1,1,0,0,0,1,0,0,0,0,ProductionLineWorker,1,3,3,6,36,44,23,44,25,0,0
1290561780,MAR0955,33300,0,0,1,0,7,2,0,0,0,0,0,0,0,0,0,0,0,0,7,0,0,3,0,0,1,0,0,0,1,0,1,0,0,1,ProductionLineWorker,1,3,3,6,36,44,23,44,25,0,0
1290994200,MAR0955,32280,0,0,1,0,7,0,0,0,0,0,0,0,0,0,0,0,0,0,8,1,0,1,0,0,1,1,0,0,0,1,0,0,0,0,ProductionLineWorker,1,3,3,6,36,44,23,44,25,0,0
1291080660,MAR0955,32280,0,0,1,0,7,1,0,0,0,0,0,0,0,0,0,0,0,0,10,0,0,0,0,0,1,0,0,0,1,0,2,0,0,0,ProductionLineWorker,1,3,3,6,36,44,23,44,25,0,0
1291167000,MAR0955,32400,0,0,1,0,7,2,0,0,0,0,0,0,0,0,0,0,0,0,7,0,0,3,0,0,1,0,0,0,1,0,3,0,0,0,ProductionLineWorker,1,3,3,6,36,44,23,44,25,0,0
1291252860,MAR0955,33180,0,0,1,0,7,3,0,0,0,0,0,0,0,0,0,0,0,0,5,3,0,2,0,0,1,1,0,0,0,4,0,0,0,0,ProductionLineWorker,1,3,3,6,36,44,23,44,25,0,0
1291339260,MAR0955,33000,0,0,1,0,7,4,0,0,0,0,0,0,0,0,0,0,0,0,10,0,0,0,0,0,0,0,0,0,0,0,0,0,0,0,ProductionLineWorker,1,3,3,6,36,44,23,44,25,0,0
1291598160,MAR0955,33540,0,0,1,0,7,0,0,0,0,0,0,0,0,0,0,0,0,0,10,0,0,0,0,0,1,0,0,0,1,0,1,0,0,0,ProductionLineWorker,1,3,3,6,36,44,23,44,25,0,0
1291685520,MAR0955,33000,0,0,1,0,7,1,0,0,0,0,0,0,0,0,0,0,0,0,8,1,0,1,0,0,1,0,0,0,1,0,4,0,0,0,ProductionLineWorker,1,3,3,6,36,44,23,44,25,0,0
1291771800,MAR0955,32880,0,0,1,0,7,2,0,0,0,0,0,0,0,0,0,0,0,0,6,1,0,3,0,0,1,1,0,0,0,3,0,0,0,0,ProductionLineWorker,1,3,3,6,36,44,23,44,25,0,0
1291858200,MAR0955,32400,0,0,1,0,7,3,0,0,0,0,0,0,0,0,0,0,0,0,9,0,0,1,0,0,1,1,0,0,0,2,0,0,0,0,ProductionLineWorker,1,3,3,6,36,44,23,44,25,0,0
1291944360,MAR0955,32820,0,0,1,0,7,4,0,0,0,0,0,0,0,0,0,0,0,0,9,0,0,1,0,0,1,1,0,0,0,2,2,0,0,0,ProductionLineWorker,1,3,3,6,36,44,23,44,25,0,0
1292203380,MAR0955,33180,0,0,1,0,7,0,0,0,0,0,0,0,0,0,0,0,0,0,9,0,0,1,0,0,1,1,0,0,0,1,0,0,0,0,ProductionLineWorker,1,3,3,6,36,44,23,44,25,0,0
1292289660,MAR0955,33000,0,0,1,0,7,1,0,0,0,0,0,0,0,0,0,0,0,0,8,1,0,1,0,0,1,0,0,0,1,0,1,0,0,0,ProductionLineWorker,1,3,3,6,36,44,23,44,25,0,0
1292376660,MAR0955,32280,0,0,1,0,7,2,0,0,0,0,0,0,0,0,0,0,0,0,7,1,0,1,1,0,1,1,0,0,0,1,0,0,0,0,ProductionLineWorker,1,3,3,6,36,44,23,44,25,0,0
1292463120,MAR0955,32160,0,0,1,0,7,3,0,0,0,0,0,0,0,0,0,0,0,0,10,0,0,0,0,0,1,0,0,0,1,0,3,0,0,0,ProductionLineWorker,1,3,3,6,36,44,23,44,25,0,0
1292549400,MAR0955,32340,0,0,1,0,7,4,0,0,0,0,0,0,0,0,0,0,0,0,9,0,0,1,0,0,1,1,0,0,0,3,0,0,0,0,ProductionLineWorker,1,3,3,6,36,44,23,44,25,0,0
1292808480,MAR0955,33240,0,0,1,0,7,0,0,0,0,0,0,0,0,0,0,0,0,0,10,0,0,0,0,0,1,1,0,0,0,2,0,0,0,0,ProductionLineWorker,1,3,3,6,36,44,23,44,25,0,0
1292894820,MAR0955,32580,0,0,1,0,7,1,0,0,0,0,0,0,0,0,0,0,0,0,8,2,0,0,0,0,1,0,0,0,1,0,3,0,0,0,ProductionLineWorker,1,3,3,6,36,44,23,44,25,0,0
1292980620,MAR0955,33120,0,0,1,0,7,2,0,0,0,0,0,0,0,0,0,0,0,0,7,1,0,2,0,0,1,1,0,0,0,1,0,0,0,0,ProductionLineWorker,1,3,3,6,36,44,23,44,25,0,0
1293413460,MAR0955,32220,0,0,1,0,7,0,0,0,0,0,0,0,0,0,0,0,0,0,7,2,0,1,0,0,1,0,0,0,1,0,2,0,0,0,ProductionLineWorker,1,3,3,6,36,44,23,44,25,0,0
1293499080,MAR0955,33900,0,0,1,0,7,1,0,0,0,0,0,0,0,0,0,0,0,0,8,0,0,2,0,0,1,0,0,0,1,0,3,0,0,0,ProductionLineWorker,1,3,3,6,36,44,23,44,25,0,0
1293586200,MAR0955,32340,0,0,1,0,7,2,0,0,0,0,0,0,0,0,0,0,0,0,7,0,0,3,0,0,1,1,0,0,0,3,0,0,0,1,ProductionLineWorker,1,3,3,6,36,44,23,44,25,0,0
1293672600,MAR0955,32280,0,0,1,0,7,3,0,0,0,0,0,0,0,0,0,0,0,0,8,0,0,2,0,0,1,1,0,0,0,1,0,0,0,0,ProductionLineWorker,1,3,3,6,36,44,23,44,25,0,0
1294018260,MAR0955,32880,0,0,1,0,7,0,0,0,0,0,0,0,0,0,0,0,0,0,8,0,0,2,0,0,1,0,0,0,1,0,1,0,0,1,ProductionLineWorker,1,3,3,6,36,44,23,44,25,0,0
1294104660,MAR0955,32280,0,0,1,0,7,1,0,0,0,0,0,0,0,0,0,0,0,0,7,2,0,1,0,0,1,0,0,0,1,0,1,0,0,0,ProductionLineWorker,1,3,3,6,36,44,23,44,25,0,0
1294191000,MAR0955,32280,0,0,1,0,7,2,0,0,0,0,0,0,0,0,0,0,0,0,9,0,0,1,0,0,1,1,0,0,0,4,0,0,0,0,ProductionLineWorker,1,3,3,6,36,44,23,44,25,0,0
1294277340,MAR0955,32400,0,0,1,0,7,3,0,0,0,0,0,0,0,0,0,0,0,0,8,0,0,2,0,0,1,0,0,0,1,0,1,0,0,0,ProductionLineWorker,1,3,3,6,36,44,23,44,25,0,0
1294363200,MAR0955,33000,0,0,1,0,7,4,0,0,0,0,0,0,0,0,0,0,0,0,8,0,0,2,0,0,1,1,0,0,0,1,0,0,0,0,ProductionLineWorker,1,3,3,6,36,44,23,44,25,0,0
1294623000,MAR0955,32400,0,0,1,0,7,0,0,0,0,0,0,0,0,0,0,0,0,0,9,0,0,1,0,0,1,0,0,0,1,0,1,0,0,0,ProductionLineWorker,1,3,3,6,36,44,23,44,25,0,0
1294709460,MAR0955,32280,0,0,1,0,7,1,0,0,0,0,0,0,0,0,0,0,0,0,0,0,0,10,0,0,1,0,0,0,1,0,4,0,0,1,ProductionLineWorker,1,3,3,6,36,44,23,44,25,0,0
1294795920,MAR0955,32220,0,0,1,0,7,2,0,0,0,0,0,0,0,0,0,0,0,0,9,0,0,1,0,0,1,1,0,0,0,1,0,0,0,0,ProductionLineWorker,1,3,3,6,36,44,23,44,25,0,0
1294882200,MAR0955,32880,0,0,1,0,7,3,0,0,0,0,0,0,0,0,0,0,0,0,9,1,0,0,0,0,1,0,0,0,1,0,1,0,0,0,ProductionLineWorker,1,3,3,6,36,44,23,44,25,0,0
1294968600,MAR0955,32280,0,0,1,0,7,4,0,0,0,0,0,0,0,0,0,0,0,0,8,1,0,1,0,0,1,0,0,0,1,0,4,0,0,0,ProductionLineWorker,1,3,3,6,36,44,23,44,25,0,0
1295227200,MAR0955,33240,0,0,1,0,7,0,0,0,0,0,0,0,0,0,0,0,0,0,8,0,0,2,0,0,1,0,0,0,1,0,1,0,0,0,ProductionLineWorker,1,3,3,6,36,44,23,44,25,0,0
1295313960,MAR0955,32640,0,0,1,0,7,1,0,0,0,0,0,0,0,0,0,0,0,0,10,0,0,0,0,0,1,1,0,0,0,1,0,0,0,0,ProductionLineWorker,1,3,3,6,36,44,23,44,25,0,0
1295400120,MAR0955,33300,0,0,1,0,7,2,0,0,0,0,0,0,0,0,0,0,0,0,9,1,0,0,0,0,1,1,0,0,0,1,0,0,0,1,ProductionLineWorker,1,3,3,6,36,44,23,44,25,0,0
1295487000,MAR0955,33300,0,0,1,0,7,3,0,0,0,0,0,0,0,0,0,0,0,0,9,0,0,1,0,0,1,1,1,0,0,2,1,0,0,0,ProductionLineWorker,1,3,3,6,36,44,23,44,25,0,0
1295573520,MAR0955,32280,0,0,1,0,7,4,0,0,0,0,0,0,0,0,0,0,0,0,7,2,0,0,1,0,1,1,0,0,0,1,0,0,0,0,ProductionLineWorker,1,3,3,6,36,44,23,44,25,0,0
1295832660,MAR0955,32280,0,0,1,0,7,0,0,0,0,0,0,0,0,0,0,0,0,0,10,0,0,0,0,0,1,1,0,0,0,1,0,0,0,0,ProductionLineWorker,1,3,3,6,36,44,23,44,25,0,0
1295918100,MAR0955,33300,0,0,1,0,7,1,0,0,0,0,0,0,0,0,0,0,0,0,8,1,0,1,0,0,1,0,0,0,1,0,1,0,0,0,ProductionLineWorker,1,3,3,6,36,44,23,44,25,0,0
1296005400,MAR0955,32400,0,0,1,0,7,2,0,0,0,0,0,0,0,0,0,0,0,0,7,2,0,1,0,0,1,1,0,0,0,1,0,0,0,0,ProductionLineWorker,1,3,3,6,36,44,23,44,25,0,0
1296091920,MAR0955,32160,0,0,1,0,7,3,0,0,0,0,0,0,0,0,0,0,0,0,10,0,0,0,0,0,1,0,0,0,1,0,1,0,0,0,ProductionLineWorker,1,3,3,6,36,44,23,44,25,0,0
1296178320,MAR0955,32160,0,0,1,0,7,4,0,0,0,0,0,0,0,0,0,0,0,0,7,1,0,2,0,0,1,0,1,0,0,0,1,0,0,0,ProductionLineWorker,1,3,3,6,36,44,23,44,25,0,0
1296436980,MAR0955,32700,0,0,1,0,7,0,0,0,0,0,0,0,0,0,0,0,0,0,9,0,0,1,0,0,1,0,0,0,1,0,2,0,0,0,ProductionLineWorker,1,3,3,6,36,44,23,44,25,0,0
1296523920,MAR0955,32160,0,0,1,0,7,1,0,0,0,0,0,0,0,0,0,0,0,0,10,0,0,0,0,0,0,0,0,0,0,0,0,0,0,0,ProductionLineWorker,1,3,3,6,36,44,23,44,25,0,0
1296609540,MAR0955,33360,0,0,1,0,7,2,0,0,0,0,0,0,0,0,0,0,0,0,9,0,0,1,0,0,1,0,0,0,1,0,1,0,0,0,ProductionLineWorker,1,3,3,6,36,44,23,44,25,0,0
1296696480,MAR0955,32880,0,0,1,0,7,3,0,0,0,0,0,0,0,0,0,0,0,0,6,2,0,2,0,0,1,1,0,0,0,1,1,0,0,0,ProductionLineWorker,1,3,3,6,36,44,23,44,25,0,0
1296782280,MAR0955,33840,0,0,1,0,7,4,0,0,0,0,0,0,0,0,0,0,0,0,9,0,0,0,0,0,1,0,0,0,1,0,1,0,0,0,ProductionLineWorker,1,3,3,6,36,44,23,44,25,0,0
1296857160,MAR0955,720,0,0,1,0,3,5,0,0,5,0,0,0,0,0,24,0,0,0,0,0,0,1,0,0,0,0,0,0,0,0,0,0,0,0,ProductionLineWorker,1,3,3,6,36,44,23,44,25,0,0
1297041420,MAR0955,33660,0,0,1,0,7,0,0,0,0,0,0,0,0,0,0,0,0,0,7,0,0,2,0,0,1,0,1,0,0,0,1,0,0,0,ProductionLineWorker,1,3,3,6,36,44,23,44,25,0,0
1297123800,MAR0955,37800,0,0,2,0,5,1,0,0,1,0,0,0,0,0,0,0,0,0,6,2,0,2,0,1,1,0,0,0,1,0,1,0,0,0,ProductionLineWorker,1,3,3,6,36,44,23,44,25,1,1
1297198500,MAR0955,49500,0,0,2,0,2,2,0,0,1,0,0,0,0,0,0,0,0,0,7,0,0,4,0,1,1,0,0,0,1,0,1,0,0,0,ProductionLineWorker,1,3,3,6,36,44,23,44,25,1,1
1297300980,MAR0955,33000,0,0,1,0,7,3,0,0,0,0,0,0,0,0,0,0,0,0,7,1,0,1,0,0,1,1,0,0,0,1,0,0,0,0,ProductionLineWorker,1,3,3,6,36,44,23,44,25,0,0
1297383420,MAR0955,36720,0,0,2,0,6,4,0,0,1,0,0,0,0,0,0,0,0,0,8,0,0,3,0,1,1,1,0,0,0,1,0,0,0,0,ProductionLineWorker,1,3,3,6,36,44,23,44,25,1,1
1297646460,MAR0955,33720,0,0,1,0,7,0,0,0,0,0,0,0,0,0,0,0,0,0,6,2,0,2,0,0,1,0,0,0,1,0,3,0,0,0,ProductionLineWorker,1,3,3,6,36,44,23,44,25,0,0
1297732680,MAR0955,45060,1,0,1,0,7,1,8,0,0,0,24,0,0,0,0,0,0,0,8,1,0,1,0,0,1,1,0,0,0,1,0,0,0,1,ProductionLineWorker,1,3,3,6,36,44,23,44,25,0,0
1297819920,MAR0955,32220,0,0,1,0,7,2,0,0,0,0,0,0,0,0,0,0,0,0,5,1,0,1,0,0,1,1,0,0,0,2,0,0,0,0,ProductionLineWorker,1,3,3,6,36,44,23,44,25,0,0
1297871340,MAR0955,9780,0,0,1,0,21,2,0,0,5,0,0,0,0,0,21,0,0,0,0,0,0,2,1,0,0,0,0,0,0,0,0,0,0,0,ProductionLineWorker,1,3,3,6,36,44,23,44,25,0,0
1297906200,MAR0955,32340,0,0,1,0,7,3,0,0,0,0,0,0,0,0,0,0,0,0,8,1,0,1,0,0,1,0,0,0,1,0,1,0,0,0,ProductionLineWorker,1,3,3,6,36,44,23,44,25,0,0
1297992180,MAR0955,33600,0,0,1,0,7,4,0,0,0,0,0,0,0,0,0,0,0,0,7,2,0,1,0,0,1,1,0,0,0,2,0,0,0,0,ProductionLineWorker,1,3,3,6,36,44,23,44,25,0,0
1298251860,MAR0955,32220,0,0,1,0,7,0,0,0,0,0,0,0,0,0,0,0,0,0,10,0,0,0,0,0,1,1,0,0,0,3,1,0,0,0,ProductionLineWorker,1,3,3,6,36,44,23,44,25,0,0
1298338200,MAR0955,32340,0,0,1,0,7,1,0,0,0,0,0,0,0,0,0,0,0,0,9,0,0,1,0,0,1,0,0,0,1,0,2,0,0,0,ProductionLineWorker,1,3,3,6,36,44,23,44,25,0,0
1298424720,MAR0955,32160,0,0,1,0,7,2,0,0,0,0,0,0,0,0,0,0,0,0,8,0,0,2,0,0,1,0,0,0,1,0,1,0,0,0,ProductionLineWorker,1,3,3,6,36,44,23,44,25,0,0
1298510220,MAR0955,33900,0,0,1,0,7,3,0,0,0,0,0,0,0,0,0,0,0,0,10,0,0,0,0,0,0,0,0,0,0,0,0,0,0,0,ProductionLineWorker,1,3,3,6,36,44,23,44,25,0,0
1298596980,MAR0955,32700,0,0,1,0,7,4,0,0,0,0,0,0,0,0,0,0,0,0,7,2,0,1,0,0,1,0,0,0,1,0,2,0,0,1,ProductionLineWorker,1,3,3,6,36,44,23,44,25,0,0
1298856600,MAR0955,32280,0,0,1,0,7,0,0,0,0,0,0,0,0,0,0,0,0,0,9,0,0,1,0,0,1,1,0,0,0,1,0,0,0,0,ProductionLineWorker,1,3,3,6,36,44,23,44,25,0,0
1298942340,MAR0955,33000,0,0,1,0,7,1,0,0,0,0,0,0,0,0,0,0,0,0,7,1,0,2,0,0,1,0,0,0,1,0,2,0,0,0,ProductionLineWorker,1,3,3,6,36,44,23,44,25,0,0
1299029460,MAR0955,32280,0,0,1,0,7,2,0,0,0,0,0,0,0,0,0,0,0,0,9,0,0,1,0,0,1,0,0,0,1,0,3,0,0,0,ProductionLineWorker,1,3,3,6,36,44,23,44,25,0,0
1299115860,MAR0955,32340,0,0,1,0,7,3,0,0,0,0,0,0,0,0,0,0,0,0,9,0,0,1,0,0,1,0,0,0,1,0,1,0,0,1,ProductionLineWorker,1,3,3,6,36,44,23,44,25,0,0
1299202320,MAR0955,32400,0,0,1,0,7,4,0,0,0,0,0,0,0,0,0,0,0,0,8,0,0,2,0,0,1,1,0,0,0,1,0,0,0,0,ProductionLineWorker,1,3,3,6,36,44,23,44,25,0,0